R1_t1,R1_t2,R2_t1,R2_t2,R3_t1,R3_t2,R4_t1,R4_t2,R5_t1,R5_t2,R6_t1,R6_t2,R7_t1,R7_t2,R8_t1,R8_t2
8.7,8.94,9.11,9.23,8.86,9.13,8.86,8.96,8.79,8.76,8.76,8.69,8.73,8.93,8.82,8.76
9.54,9.71,9.46,9.51,9.71,9.61,9.49,9.06,9.49,9.49,9.4,9.39,9.57,9.64,9.51,9.41
56.24,56.3,56.03,56.82,55.68,56.86,56.65,56.11,55.98,56.1,55.85,56.12,56.29,55.85,56.12,56
15.51,15.38,15.29,15.29,15.04,15.64,15.61,15.43,15.16,15.18,15.24,15.19,15.14,15.28,15.21,15.24
26.04,25.8,25.97,26.16,25.47,26.18,25.92,25.72,25.51,25.61,25.58,25.48,25.67,25.68,25.57,25.56
25.53,25.48,25.41,25.68,25.16,25.77,25.38,25.17,25.06,25.13,25.18,25.02,25.15,25.24,25.17,25.15
44.78,44.98,44.7,45.21,44.25,45.11,44.71,44.26,44.46,44.61,44.46,44.3,44.75,44.6,44.46,44.37
36.91,36.99,36.89,36.95,36.58,36.97,36.91,36.58,36.5,36.63,36.55,36.41,36.81,36.73,36.56,36.45
45.91,46.14,45.96,46.35,45.42,46.17,46,45.77,45.59,45.77,45.65,45.51,45.93,45.83,45.66,45.59
10.12,9.92,10.05,9.93,9.83,10,9.93,9.93,9.77,9.8,9.93,9.76,9.73,9.96,9.89,9.87
25.46,25.36,25.48,25.83,25.27,25.64,25.45,25.29,25.18,25.16,25.23,25.14,25.31,25.45,25.17,25.22
1.91,1.79,1.7,1.7,1.83,2.01,2.09,1.89,1.81,1.88,1.88,1.92,1.94,1.7,1.85,1.84
32.8,32.88,32.88,32.94,32.58,32.9,32.8,32.65,32.41,32.45,32.54,32.39,32.62,32.76,32.47,32.51
24.97,24.69,24.63,25.03,24.45,25.45,24.82,24.62,24.58,24.88,24.66,24.8,24.76,24.66,24.96,24.72
12.89,13.23,13.05,12.93,13.17,13.43,13.31,13.22,13.11,13.26,13.19,13.26,13.35,13.08,13.18,13.19
23.35,23.63,23.31,23.8,23.3,24.01,23.79,23.57,23.4,23.54,23.39,23.56,23.62,23.47,23.57,23.46
27.82,27.93,27.98,28.48,27.71,28.17,28.01,27.85,27.76,27.81,27.76,27.65,27.93,27.92,27.75,27.7
60.11,60.05,59.83,60.28,59.49,60.56,60.09,59.7,59.5,59.63,59.59,59.35,59.85,59.67,59.43,59.39
20.25,20.23,19.96,20.35,19.74,20.39,20.5,19.8,19.87,19.88,19.91,19.97,19.97,19.83,19.86,19.94
24.99,24.47,24.58,24.8,24.21,25,25.02,24.5,24.58,24.64,24.63,24.76,24.69,24.63,24.55,24.66
7.99,7.95,7.74,8.05,7.63,7.93,7.88,7.64,7.62,7.91,7.71,7.84,7.77,7.73,7.78,7.79
20.43,20.47,20.37,20.84,20.08,20.67,20.74,20.33,20.21,20.61,20.35,20.52,20.47,20.31,20.49,20.41
18.03,18,17.77,18.1,17.9,18.31,18.37,18.09,17.96,18.37,17.97,18.11,18.25,18.01,18.11,17.97
16.79,16.51,16.49,16.93,16.47,16.91,17.05,16.49,16.38,16.67,16.59,16.66,16.63,16.38,16.62,16.59
20.44,20.37,20.45,20.83,20.3,20.66,20.42,20.36,20.2,20.26,20.24,20.17,20.29,20.37,20.27,20.25
27.41,27.51,26.98,27.79,27.14,27.57,27.61,27.16,27.18,27.35,27.17,27.19,27.56,27.16,27.21,27.09
34.81,34.76,34.72,35.08,34.33,34.86,34.67,34.53,34.27,34.4,34.41,34.3,34.54,34.48,34.37,34.42
32.3,32.22,32.14,31.97,31.89,32.65,32.53,32.01,31.9,32.22,32.09,32.19,32.3,32.01,32.24,32.1
17.37,17.44,17.44,17.57,17.44,17.66,17.72,17.4,17.33,17.6,17.42,17.53,17.52,17.41,17.52,17.51
6.48,6.72,6.6,6.46,6.33,6.58,6.54,6.69,6.53,6.63,6.45,6.48,6.66,6.67,6.46,6.49
21.29,21,21.07,21.47,20.77,21.06,21.03,20.98,20.82,20.87,20.82,20.75,20.83,21,20.82,20.8
11.44,11.54,11.15,11.21,11.13,11.27,11.35,11.31,11.29,11.31,11.22,11.21,11.5,11.14,11.18,11.17
35.47,35.69,35.34,35.87,35.24,35.82,35.84,35.29,35.31,35.56,35.28,35.48,35.56,35.26,35.34,35.37
13.25,12.86,12.79,12.85,12.82,13.26,13.21,12.81,12.88,12.99,12.88,13.02,12.91,12.81,12.93,12.95
1.94,2.53,2.42,2.47,2.35,2.23,2.36,2.46,2.45,2.28,2.27,2.25,2.54,2.41,2.34,2.31
21.63,21.88,21.83,22.02,21.54,21.89,21.88,21.74,21.74,21.9,21.65,21.7,21.93,21.7,21.74,21.64
3.87,3.86,3.92,3.76,3.82,3.73,3.7,3.75,3.71,3.61,3.76,3.66,3.61,3.74,3.74,3.79
7.14,7.12,7.01,7.34,7.09,7.26,7.28,7.08,7.1,7.27,7.06,7.22,7.35,7.07,7.12,7.09
25.45,25.22,25.16,25.44,25.03,25.63,25.6,25.15,25.18,25.37,25.2,25.3,25.31,25.15,25.21,25.33
12.85,12.77,12.76,13.17,12.77,12.7,12.82,12.71,12.56,12.61,12.67,12.59,12.47,12.72,12.65,12.61
1.99,1.81,1.94,1.75,1.86,1.82,1.91,1.93,1.83,1.82,1.91,1.84,1.76,1.88,1.89,1.87
17.52,17.82,17.78,17.59,17.6,18,17.85,17.63,17.46,17.79,17.58,17.87,17.68,17.49,17.67,17.77
15.3,15.27,15.33,15.43,15.39,15.54,15.51,15.25,15.28,15.47,15.36,15.44,15.51,15.27,15.35,15.41
33.5,33.68,33.42,33.84,33.16,33.69,33.56,33.4,33.14,33.26,33.22,33.12,33.38,33.36,33.26,33.24
30.65,30.64,30.22,30.57,30.07,31,30.75,30.35,30.22,30.47,30.35,30.46,30.57,30.34,30.26,30.43
23.45,23.32,23.38,23.33,23.27,23.41,23.38,23.26,23.08,23.13,23.12,23.04,23.19,23.21,23.11,23.12
51.69,51.92,51.71,52.23,51.03,51.95,51.83,51.5,51.27,51.51,51.3,51.19,51.55,51.46,51.39,51.35
39.44,39.34,39.3,39.77,38.67,39.49,39.34,39.05,38.83,39.03,38.93,38.83,39.01,38.89,38.94,38.81
35.74,35.74,35.26,35.45,35.22,36.07,35.84,35.29,35.35,35.63,35.41,35.59,35.49,35.19,35.64,35.55
11.21,10.93,10.94,10.73,10.56,11.05,11.05,10.82,10.8,10.87,10.84,10.98,10.79,10.82,10.96,10.94
25.57,25.65,25.38,25.83,25.07,25.77,25.9,25.44,25.47,25.72,25.55,25.67,25.66,25.46,25.77,25.59
15.79,15.84,15.89,16.1,15.48,15.95,15.87,15.59,15.57,15.71,15.74,15.76,15.66,15.68,15.75,15.77
53.21,53.54,53.23,54.23,53.04,53.59,53.51,53.12,52.78,53.1,52.94,52.81,53.12,53.1,53.11,52.98
10.67,10.61,10.49,10.42,10.66,10.77,10.78,10.52,10.59,10.71,10.61,10.71,10.66,10.54,10.84,10.7
11.85,11.87,11.78,11.84,11.88,12.25,12.11,11.88,11.88,12.11,11.95,12.08,11.99,11.92,12.14,12.07
31.64,31.64,31.32,31.85,31.12,32.09,31.8,31.35,31.33,31.67,31.38,31.57,31.54,31.32,31.69,31.54
13.89,13.74,13.46,13.74,13.58,14,13.7,13.64,13.51,13.69,13.67,13.72,13.64,13.6,13.83,13.72
29.64,29.25,29.25,29.33,28.87,29.65,29.47,29.19,29.12,29.36,29.2,29.38,29.4,29.17,29.55,29.31
37.8,37.63,37.63,37.87,37.17,37.98,37.66,37.48,37.18,37.37,37.28,37.19,37.54,37.4,37.36,37.29
20.93,20.92,20.82,21.1,20.76,21.11,21.18,20.82,20.87,21.13,20.93,21.1,21,20.83,21.31,21.03
62.2,62.33,61.93,62.73,61.69,62.66,62.8,61.99,61.77,62.37,61.99,62.27,62.16,61.91,62.41,62.07
42.44,42.63,42.03,42.43,42.04,42.78,42.69,41.98,41.98,42.37,42.16,42.33,42.3,42.02,42.4,42.18
11.12,10.88,10.68,10.89,10.69,10.92,10.83,10.61,10.49,10.61,10.66,10.65,10.47,10.55,10.59,10.62
19.18,19.47,19.44,19.44,19.26,19.47,19.43,19.27,19.13,19.17,19.22,19.14,19.02,19.28,19.19,19.22
38.22,38.3,37.94,38,37.87,38.44,38.45,38.08,37.89,38.22,37.93,38.15,38.34,37.99,38.26,37.91
19.92,20.29,20.14,20.22,19.82,20.35,20.28,19.98,19.92,20.17,20.11,20.2,20.17,19.95,20.31,20.15
15.45,15.46,15.25,15.74,15.18,15.86,15.61,15.26,15.35,15.55,15.32,15.53,15.58,15.21,15.63,15.56
15.69,15.63,15.6,16.03,15.61,15.96,15.56,15.44,15.37,15.37,15.48,15.44,15.45,15.27,15.46,15.52
11.36,11.52,11.33,11.39,11.16,11.56,11.31,11.19,11.13,11.17,11.19,11.1,11.13,11.01,11.17,11.2
26.85,26.91,26.92,27.2,26.74,27.18,26.93,26.74,26.59,26.64,26.61,26.57,26.71,26.75,26.59,26.66
27.87,27.75,27.45,27.98,27.12,27.81,27.9,27.58,27.56,27.94,27.54,27.78,27.8,27.53,27.85,27.75
18.74,18.53,18.44,18.65,18.3,18.81,18.77,18.29,18.31,18.57,18.5,18.57,18.6,18.35,18.72,18.54
27.96,27.98,27.84,28.32,27.7,28.13,27.93,27.79,27.61,27.69,27.68,27.57,27.61,27.88,27.64,27.65
14.39,14.34,14.33,14.06,13.66,14.38,14.38,14.11,14.09,14.27,14.26,14.29,14.23,14.19,14.32,14.26
14.34,14.36,14.34,14.57,14.39,14.35,14.38,14.3,14.15,14.14,14.17,14.08,14.19,14.12,14.12,14.16
6.46,6.44,6.3,6.87,6.28,6.75,6.56,6.35,6.37,6.61,6.45,6.53,6.55,6.36,6.66,6.5
33.82,33.87,33.68,34.26,33.41,33.85,33.88,33.54,33.4,33.6,33.51,33.48,33.47,33.66,33.51,33.52
10.89,10.91,10.84,11.23,10.71,10.82,10.95,10.71,10.73,10.7,10.76,10.78,10.7,10.68,10.77,10.78
8.66,8.48,8.51,8.48,8.25,8.71,8.66,8.51,8.55,8.76,8.6,8.7,8.79,8.67,8.69,8.64
45.77,46.05,45.76,46.09,45.5,46.12,45.83,45.5,45.3,45.39,45.3,45.23,45.52,45.49,45.43,45.33
6.74,6.6,6.81,6.65,6.56,6.54,6.7,6.7,6.65,6.66,6.67,6.6,6.77,6.8,6.65,6.62
36.79,36.95,36.49,37,36.32,37.29,37.05,36.48,36.55,36.9,36.63,36.73,36.94,36.53,36.79,36.6
54.71,54.37,54.16,54.85,53.61,55.08,54.74,53.98,53.93,54.37,54.08,54.27,54.25,54,54.47,54.21
12,11.85,11.93,12.11,11.78,11.87,11.93,11.68,11.77,11.73,11.75,11.7,11.59,11.63,11.76,11.8
20.93,20.87,20.77,20.99,20.56,21.11,21.07,20.64,20.69,20.97,20.84,20.91,21.01,20.81,20.87,20.82
28.39,28.13,28.06,28.35,27.43,28.49,28.15,27.83,27.69,27.7,27.79,27.71,27.79,27.83,27.84,27.77
17.49,17.36,17.04,17.77,17.04,17.32,17.53,17.14,17.13,17.59,17.37,17.48,17.37,17.16,17.57,17.41
10.16,9.96,10.05,9.74,9.91,10,9.92,9.88,9.8,9.79,9.87,9.71,9.77,9.82,9.82,9.8
10.4,10.09,10.31,10.22,10.18,10.26,10.27,10.24,10.08,10.11,10.12,10.03,10.04,10.18,10.11,10.07
3.37,3.43,3.28,3.58,3.35,3.55,3.45,3.28,3.28,3.45,3.38,3.37,3.15,3.2,3.41,3.31
9.33,9.09,9.23,9.67,9.1,9.33,9.07,9.11,8.92,8.98,9.04,8.92,8.91,9.07,9.03,9.04
5.82,5.85,5.66,5.64,5.39,5.92,5.91,5.66,5.76,5.84,5.77,5.85,5.78,5.67,5.88,5.75
11.77,11.96,12.09,12.48,11.71,11.96,11.78,11.86,11.73,11.7,11.73,11.62,11.79,11.99,11.67,11.69
11.82,12.07,11.95,12.24,11.8,11.92,11.84,11.85,11.68,11.72,11.78,11.64,11.63,11.84,11.73,11.67
17.87,17.88,17.86,18.56,17.6,17.87,17.8,17.82,17.64,17.7,17.68,17.56,17.78,17.87,17.62,17.65
14.07,13.89,13.7,14.02,13.66,14.09,14.02,13.72,13.69,13.84,13.78,13.81,13.66,13.66,13.89,13.82
23.61,23.6,23.5,23.81,23.45,23.61,23.58,23.45,23.29,23.34,23.34,23.24,23.45,23.45,23.3,23.3
11.26,11.3,11.22,11.09,10.75,11.51,11.43,11.18,11.18,11.42,11.28,11.45,11.24,11.14,11.32,11.38
24.18,23.9,23.62,24.21,23.7,24.13,24.03,23.68,23.68,23.93,23.81,23.88,23.92,23.62,23.8,23.89
15.68,15.85,15.64,16,15.56,15.97,15.81,15.56,15.53,15.64,15.6,15.59,15.49,15.55,15.69,15.64
16.64,16.66,16.19,16.99,16.35,16.81,16.69,16.3,16.33,16.49,16.5,16.57,16.59,16.28,16.59,16.55
37.41,37.68,37.17,37.87,37.05,38.14,37.86,37.21,37.22,37.52,37.4,37.44,37.56,37.22,37.53,37.42
11.69,11.6,11.79,11.45,11.38,11.69,11.59,11.49,11.35,11.39,11.4,11.33,11.27,11.42,11.44,11.39
16.57,16.41,16.67,16.49,16.42,16.44,16.57,16.43,16.26,16.28,16.36,16.31,16.23,16.54,16.42,16.32
26.41,26.21,26.13,26.91,26.12,26.55,26.32,26.18,25.94,26.01,26.04,25.95,26.07,26.03,26.06,25.99
12.47,12.22,12.29,12.03,12.27,12.44,12.42,12.14,12.23,12.34,12.22,12.34,12.28,12.16,12.26,12.36
1.91,2,1.66,2.26,1.89,1.99,1.9,1.72,1.77,1.8,1.87,1.8,1.62,1.79,1.88,1.79
44.3,44.27,44.29,44.31,43.7,44.47,44.27,43.93,43.74,43.95,43.84,43.71,43.97,43.96,43.94,43.74
39.52,39.54,39.38,39.89,39.02,39.74,39.58,39.29,38.99,39.23,39.12,39.03,39.23,39.37,39.23,39.14
12.64,12.8,12.78,12.59,12.58,12.83,12.7,12.75,12.62,12.64,12.67,12.55,12.75,12.84,12.63,12.63
13.82,13.67,13.77,13.88,13.46,13.5,13.83,13.37,13.43,13.55,13.54,13.5,13.59,13.51,13.56,13.5
66.94,67.26,65.45,66.82,66.2,66.55,67.53,65.79,66.01,66.1,65.77,66.04,66.43,66.19,65.91,65.96
74.24,73.99,72.59,73.93,73.19,73.64,74.58,72.95,72.94,73.16,72.87,73.01,73.57,73.18,72.92,73.02
17.52,17.56,16.97,17.55,17.22,17.31,17.64,17.27,17.25,17.21,17.12,17.11,17.36,17.37,17.11,17.18
6.29,6.68,6.32,6.31,6.35,6.52,6.63,6.59,6.33,6.34,6.26,6.35,6.37,6.49,6.23,6.25
8,7.76,7.8,8.1,7.82,7.82,7.94,7.72,7.66,7.73,7.71,7.78,7.66,7.64,7.81,7.67
36.07,35.91,35.26,35.9,35.55,35.58,36.16,35.4,35.44,35.53,35.35,35.4,35.8,35.66,35.55,35.44
22.59,22.17,22.36,22.13,22.05,22.41,22.57,21.83,21.91,22.11,22.04,22.06,22.03,22.07,22.18,22.07
19.62,19.75,19.18,19.57,19.48,19.35,19.93,19.54,19.41,19.43,19.32,19.35,19.63,19.42,19.3,19.37
56.37,56.2,54.91,56.08,55.13,55.43,56.62,55.2,55.15,55.35,54.97,55.19,55.66,55.36,55.11,55.11
1.61,1.78,1.64,1.75,1.67,1.53,1.86,1.69,1.7,1.55,1.58,1.57,1.65,1.79,1.65,1.61
13.94,13.84,13.79,13.65,13.63,13.9,13.99,13.56,13.8,13.69,13.61,13.6,13.73,13.62,13.39,13.64
9.23,9.03,8.88,8.86,9.13,9.02,9.09,9.02,8.73,8.79,8.91,9,9.04,9.05,9.07,8.91
18.05,18.43,18.01,17.83,17.79,18.09,18.4,17.9,18.1,18.2,17.92,17.98,18.03,17.97,17.74,17.94
10.99,11.04,10.96,10.38,10.83,10.87,10.91,10.82,10.59,10.97,10.79,10.86,10.79,10.84,11.04,10.8
15.94,16.01,15.47,15.81,16.02,16.28,16.08,15.72,15.69,15.9,15.76,15.83,15.83,15.79,15.75,15.76
39,38.96,38.35,38.65,38.36,38.61,39.39,38.3,38.53,38.45,38.26,38.37,38.7,38.41,38.16,38.38
14.71,14.64,14.33,14.93,14.61,14.62,14.7,14.43,14.14,14.4,14.4,14.38,14.49,14.41,14.68,14.45
4.19,4.02,3.99,3.96,4.01,4.09,4.28,4.1,3.97,3.85,3.96,3.96,4.18,4.17,4.11,4.06
46.16,45.84,45.2,45.19,45.08,45.34,46.37,45.09,45.21,45.14,45.01,45.09,45.57,45.33,45.03,45.19
